ID,Prediction
0,0.4802319
1,0.362658367
2,0.148901816
3,0.105988221
4,0.285303118
5,0.652345617
6,0.828888802
7,0.154539985
8,0.730418146
9,0.909508182
10,0.485814239
11,0.220585836
12,0.275990363
13,0.599919616
14,0.906566194
15,0.329045151
16,0.340143498
17,0.055272743
18,0.427314686
19,0.660471165
20,0.055533153
21,0.937842694
22,0.626298456
23,0.000945033
24,0.323385153
25,0.323584735
26,0.82532899
27,0.530032532
28,0.479180517
29,0.474157379
30,0.207105354
31,0.158285477
32,0.037488388
33,0.277821273
34,0.129877941
35,0.759299157
36,0.349110674
37,0.854639343
38,0.465958885
39,0.12079882
40,0.305016742
41,0.607621759
42,0.511904656
43,0.742670206
44,0.078794755
45,0.640490027
46,0.219366981
47,0.467881365
48,0.829276082
49,0.093197097
50,0.084073665
51,0.531856149
52,0.972291657
53,0.439582099
54,0.7746411
55,0.298871323
56,0.071996491
57,0.302786631
58,0.772034762
59,0.429230169
60,0.13343024
61,0.251390635
62,0.017577958
63,0.931944176
64,0.175628415
65,0.608112111
66,0.651409052
67,0.680462749
68,0.224554942
69,0.500378929
70,0.36402986
71,0.388123326
72,0.265439422
73,0.597053237
74,0.972311259
75,0.206283872
76,0.838233056
77,0.139079017
78,0.274279506
79,0.247006954
80,0.252810076
81,0.989358704
82,0.383258099
83,0.11763299
84,0.134495812
85,0.879405653
86,0.766555504
87,0.387215037
88,0.864621135
89,0.795327209
90,0.082795424
91,0.613027725
92,0.337326863
93,0.760550818
94,0.66313081
95,0.380417127
96,0.188789306
97,0.599647791
98,0.438378579
99,0.201975514
100,0.956177153
101,0.899695477
102,0.166119112
103,0.471935172
104,0.919549773
105,0.989647844
106,0.581726692
107,0.268109159
108,0.678193518
109,0.765390507
110,0.993425666
111,0.378962652
112,0.915420192
113,0.110139657
114,0.024545943
115,0.615000511
116,0.199545558
117,0.207920722
118,0.575789803
119,0.682156865
120,0.293177107
121,0.526255072
122,0.156098009
123,0.284503998
124,0.418886415
125,0.325280482
126,0.62053234
127,0.842062928
128,0.771955985
129,0.563136539
130,0.557203385
131,0.943995595
132,0.182668033
133,0.631482038
134,0.651033521
135,0.529585687
136,0.251885998
137,0.657698569
138,0.679099063
139,0.840187679
140,0.023611915
141,0.745471648
142,0.224316557
143,0.706481466
144,0.574546732
145,0.256652042
146,0.661646833
147,0.490435785
148,0.999626382
149,0.782952216
150,0.164412686
151,0.404658526
152,0.486489009
153,0.444501722
154,0.22412218
155,0.752925076
156,0.648462237
157,0.263205358
158,0.751632918
159,0.43045323
160,0.424505725
161,0.77706184
162,0.049010593
163,0.521591257
164,0.836796223
165,0.230601446
166,0.190755711
167,0.491027547
168,0.669186133
169,0.4630564
170,0.753938305
171,0.66972469
172,0.706123873
173,0.197340333
174,0.219475585
175,0.238143118
176,0.997787242
177,0.084250528
178,0.022936648
179,0.919193224
180,0.731331286
181,0.437743985
182,0.099551408
183,0.815839697
184,0.425092886
185,0.516116818
186,0.842044757
187,0.830168165
188,0.729543208
189,0.12975451
190,0.934150235
191,0.614838772
192,0.586273452
193,0.061188626
194,0.437284472
195,0.333728236
196,0.361050704
197,0.808547176
198,0.912488929
199,0.55120535
200,0.529053349
201,0.429703736
202,0.561708078
203,0.011690576
204,0.925146195
205,0.331272111
206,0.826170271
207,0.854227509
208,0.796079896
209,0.807294383
210,0.776695977
211,0.2269617
212,0.099080708
213,0.097086723
214,0.456243677
215,0.002204966
216,0.932627604
217,0.470786142
218,0.526832768
219,0.619045476
220,0.35147363
221,0.984265342
222,0.367236073
223,0.782567265
224,0.308723255
225,0.696981928
226,0.438948095
227,0.827844362
228,0.891451248
229,0.825802806
230,0.113831005
231,0.195688049
232,0.294120238
233,0.983842853
234,0.47308385
235,0.05450664
236,0.014616035
237,0.299576392
238,0.796139917
239,0.339194674
240,0.450015018
241,0.988926533
242,0.322795294
243,0.503996214
244,0.915766505
245,0.816504727
246,0.637325992
247,0.512982244
248,0.881616633
249,0.4755902
250,0.469750955
251,0.641408897
252,0.527924341
253,0.15523363
254,0.013367888
255,0.069887755
256,0.474263335
257,0.531490966
258,0.775646731
259,0.038867833
260,0.237756538
261,0.418788277
262,0.081456585
263,0.454610144
264,0.250993355
265,0.192221617
266,0.213408229
267,0.379604519
268,0.796852596
269,0.704416914
270,0.2265406
271,0.691082622
272,0.143333603
273,0.393842932
274,0.920138847
275,0.917164919
276,0.884016336
277,0.064764882
278,0.332662398
279,0.237178045
280,0.439213557
281,0.71192325
282,0.783808485
283,0.290980511
284,0.856018552
285,0.25486731
286,0.006534989
287,0.229641437
288,0.272417966
289,0.645936532
290,0.082479767
291,0.07421251
292,0.150161944
293,0.940738439
294,0.587403963
295,0.023881816
296,0.344952657
297,0.580216551
298,0.371585512
299,0.552465219
300,0.361800184
301,0.65477377
302,0.811763653
303,0.198868969
304,0.760657762
305,0.010620814
306,0.7411912
307,0.158009293
308,0.67260634
309,0.468113801
310,0.242160201
311,0.833181871
312,0.631987647
313,0.97215583
314,0.734254437
315,0.660332231
316,0.701098821
317,0.116573653
318,0.32695053
319,0.943236153
320,0.710760454
321,0.609427954
322,0.283542699
323,0.431402307
324,0.341855025
325,0.165732594
326,0.110898152
327,0.63533694
328,0.323761501
329,0.73341013
330,0.886385555
331,0.126082524
332,0.660112879
333,0.144997369
334,0.266356289
335,0.026573103
336,0.611139952
337,0.26389078
338,0.844863947
339,0.794064092
340,0.694813332
341,0.304399074
342,0.573612463
343,0.171942021
344,0.907631882
345,0.645477607
346,0.747607849
347,0.19103583
348,0.748684896
349,0.31790581
350,0.332854136
351,0.915926958
352,0.659009896
353,0.834702559
354,0.625646145
355,0.789271567
356,0.850725592
357,0.491098513
358,0.734850437
359,0.318557233
360,0.407948834
361,0.272706766
362,0.05657076
363,0.349569785
364,0.936870934
365,0.292939349
366,0.619670157
367,0.93297744
368,0.594062181
369,0.979488514
370,0.288783631
371,0.195944268
372,0.92763609
373,0.573926978
374,0.744865856
375,0.961591146
376,0.649836342
377,0.367448835
378,0.657601564
379,0.221425748
380,0.841049305
381,0.060211897
382,0.73415687
383,0.449265324
384,0.761752567
385,0.625532476
386,0.707802213
387,0.372460704
388,0.525668353
389,0.844763561
390,0.874207891
391,0.852328205
392,0.93253908
393,0.327363974
394,0.782591555
395,0.365365569
396,0.523244602
397,0.632595782
398,0.428306763
399,0.123123052
400,0.360299648
401,0.177536258
402,0.895837047
403,0.652280753
404,0.289882769
405,0.841203942
406,0.370806157
407,0.010578886
408,0.391052862
409,0.891491729
410,0.517003052
411,0.495877892
412,0.66047524
413,0.632223007
414,0.68406512
415,0.528239441
416,0.827900812
417,0.304230965
418,0.243487499
419,0.29535783
420,0.73521113
421,0.542936561
422,0.346009791
423,0.627083343
424,0.954003691
425,0.008237631
426,0.993856192
427,0.165693281
428,0.302078923
429,0.429511058
430,0.686245695
431,0.952981665
432,0.365282639
433,0.833409831
434,0.021041204
435,0.762608112
436,0.243641
437,0.039299547
438,0.753519052
439,0.575313848
440,0.728559928
441,0.787097107
442,0.129782675
443,0.38086523
444,0.487762222
445,0.564140202
446,0.688329388
447,0.858452493
448,0.036322916
449,0.655682852
450,0.090176334
451,0.998431813
452,0.955414634
453,0.802329762
454,0.641016775
455,0.212323211
456,0.835118266
457,0.07681675
458,0.675210546
459,0.396886097
460,0.482932739
461,0.871482646
462,0.431755097
463,0.069383398
464,0.162108986
465,0.881724619
466,0.792292533
467,0.153657983
468,0.773391642
469,0.306068967
470,0.06551097
471,0.56697092
472,0.291669176
473,0.815057471
474,0.274784058
475,0.773474964
476,0.33932918
477,0.840390103
478,0.36499549
479,0.819346296
480,0.437130405
481,0.445306437
482,0.180954045
483,0.321160823
484,0.815062722
485,0.386128534
486,0.780791112
487,0.98557833
488,0.402124155
489,0.77135672
490,0.081527455
491,0.684442256
492,0.450518789
493,0.445961042
494,0.062038932
495,0.579035802
496,0.448528685
497,0.376130133
498,0.26060496
499,0.799154613
500,0.684180153
501,0.01995225
502,0.844735388
503,0.237417146
504,0.073057207
505,0.779264691
506,0.825757076
507,0.000427675
508,0.518836196
509,0.354718822
510,0.069403626
511,0.840624865
512,0.453231986
513,0.748712013
514,0.129157683
515,0.672382042
516,0.366044417
517,0.35660098
518,0.326126671
519,0.236218317
520,0.166191469
521,0.480084512
522,0.975419907
523,0.91980144
524,0.772372878
525,0.017296354
526,0.555192863
527,0.99376912
528,0.809683114
529,0.940057636
530,0.054387985
531,0.016618944
532,0.499276296
533,0.091757592
534,0.582566268
535,0.931019716
536,0.85045579
537,0.374437787
538,0.197510419
539,0.912238315
540,0.686276668
541,0.251151429
542,0.262645746
543,0.758258505
544,0.145200584
545,0.029096664
546,0.255965831
547,0.931747168
548,0.573052814
549,0.495101652
550,0.671373324
551,0.066459059
552,0.083770179
553,0.753048778
554,0.551895015
555,0.110099719
556,0.251354569
557,0.427759328
558,0.351733349
559,0.372669029
560,0.279680067
561,0.62384226
562,0.291929342
563,0.007440243
564,0.973094502
565,0.352340451
566,0.761411109
567,0.823204366
568,0.99896441
569,0.931434585
570,0.237625202
571,0.776778364
572,0.424055231
573,0.862863924
574,0.738792275
575,0.254901506
576,0.081370578
577,0.366804439
578,0.663711656
579,0.157014112
580,0.678110355
581,0.037509206
582,0.887980667
583,0.014255457
584,0.818268629
585,0.605507157
586,0.836580351
587,0.123606296
588,0.215009062
589,0.858042798
590,0.790836839
591,0.02174397
592,0.461328299
593,0.517479667
594,0.562630337
595,0.474408994
596,0.654485869
597,0.790087802
598,0.486472224
599,0.930314165
600,0.96370218
601,0.839597261
602,0.168192462
603,0.578512358
604,0.818003181
605,0.713963639
606,0.073697096
607,0.744807238
608,0.732618909
609,0.705594535
610,0.130438007
611,0.677341827
612,0.563934627
613,0.650066548
614,0.963448741
615,0.160172586
616,0.203091553
617,0.635306425
618,0.623294198
619,0.371241199
620,0.110628919
621,0.65293452
622,0.268530144
623,0.450373378
624,0.983055252
625,0.3446352
626,0.103109977
627,0.14612033
628,0.951117127
629,0.095435522
630,0.998869434
631,0.340757727
632,0.327856737
633,0.018702829
634,0.780467112
635,0.1458099
636,0.758263356
637,0.620376392
638,0.358692679
639,0.994041834
640,0.445673387
641,0.868185814
642,0.559945307
643,0.449550558
644,0.525072979
645,0.011169305
646,0.218398778
647,0.940964362
648,0.228368515
649,0.334192576
650,0.944024427
651,0.909091724
652,0.237202908
653,0.889330857
654,0.801641827
655,0.748002443
656,0.854947428
657,0.690993887
658,0.25757156
659,0.93222207
660,0.919150504
661,0.500802444
662,0.073703896
663,0.755089932
664,0.547430486
665,0.246435893
666,0.46170463
667,0.160204812
668,0.570238728
669,0.125640415
670,0.055392167
671,0.797687863
672,0.142695252
673,0.00627901
674,0.988313958
675,0.754577848
676,0.589073265
677,0.532834336
678,0.306945078
679,0.513428316
680,0.464837221
681,0.711256978
682,0.334992842
683,0.82412373
684,0.646669507
685,0.053081748
686,0.788369529
687,0.448803226
688,0.731417638
689,0.587478675
690,0.490917032
691,0.643971977
692,0.402796363
693,0.838545668
694,0.434999665
695,0.102245032
696,0.77745808
697,0.924319725
698,0.771359717
699,0.006112462
700,0.106681951
701,0.519471883
702,0.076639988
703,0.122571255
704,0.82699067
705,0.952394528
706,0.699916343
707,0.676051472
708,0.069389051
709,0.590935328
710,0.697454385
711,0.938579942
712,0.378360108
713,0.350029761
714,0.120310754
715,0.616388443
716,0.377342954
717,0.603365874
718,0.000869324
719,0.511936661
720,0.366015972
721,0.999879551
722,0.118921484
723,0.328717188
724,0.142067207
725,0.142809491
726,0.524781438
727,0.565663571
728,0.052734082
729,0.933758157
730,0.326078842
731,0.933873281
732,0.963276122
733,0.910717955
734,0.841798241
735,0.450266446
736,0.226120961
737,0.277988739
738,0.500279649
739,0.003212681
740,0.051669153
741,0.913593054
742,0.942495264
743,0.332034387
744,0.557692219
745,0.133931735
746,0.517298611
747,0.859771277
748,0.411712334
749,0.926101931
750,0.091341349
751,0.528314546
752,0.521638323
753,0.304363682
754,0.60487535
755,0.171669322
756,0.317143748
757,0.288484083
758,0.044823791
759,0.341372889
760,0.953131348
761,0.427778588
762,0.941126146
763,0.627188027
764,0.106093524
765,0.559854233
766,0.355234796
767,0.962295853
768,0.496414221
769,0.464887712
770,0.587062053
771,0.300974253
772,0.800348651
773,0.646278219
774,0.27544669
775,0.575756021
776,0.624067826
777,0.912816111
778,0.429962677
779,0.851943814
780,0.479944861
781,0.586745755
782,0.794834783
783,0.231834885
784,0.092210731
785,0.38859631
786,0.811730038
787,0.644389743
788,0.8008653
789,0.478240339
790,0.655697204
791,0.224306424
792,0.296086294
793,0.439178285
794,0.23530035
795,0.886071583
796,0.505185131
797,0.922996574
798,0.503449631
799,0.907615452
800,0.04560558
801,0.599268548
802,0.343615126
803,0.337459852
804,0.628629704
805,0.820168224
806,0.882542954
807,0.900837102
808,0.034014414
809,0.439335678
810,0.578806124
811,0.907967748
812,0.808031177
813,0.317303212
814,0.907300475
815,0.429585075
816,0.635171946
817,0.135545212
818,0.500762107
819,0.333377611
820,0.842268297
821,0.444633993
822,0.093485904
823,0.56079749
824,0.074940298
825,0.401137978
826,0.923490156
827,0.983855871
828,0.71308947
829,0.721391803
830,0.120252861
831,0.13986926
832,0.969663662
833,0.187078795
834,0.084081394
835,0.336872507
836,0.167794671
837,0.485480534
838,0.75520235
839,0.322461298
840,0.73109104
841,0.316952419
842,0.07990488
843,0.683229763
844,0.499594152
845,0.361168993
846,0.723733768
847,0.106299781
848,0.690207252
849,0.910098816
850,0.505049745
851,0.81896716
852,0.530815267
853,0.262129874
854,0.121209507
855,0.037690589
856,0.331252767
857,0.980010284
858,0.114355595
859,0.279489211
860,0.823731051
861,0.52198176
862,0.46126323
863,0.500080621
864,0.789203302
865,0.742134857
866,0.394536884
867,0.263736779
868,0.29542943
869,0.735911
870,0.529673884
871,0.431311056
872,0.140360612
873,0.768810126
874,0.804318731
875,0.16970134
876,0.656456744
877,0.162371061
878,0.548815687
879,0.559321481
880,0.74015204
881,0.06796981
882,0.490534169
883,0.236366707
884,0.005710372
885,0.515049581
886,0.471553478
887,0.060154915
888,0.967876984
889,0.374441742
890,0.611982921
891,0.5973829
892,0.708430559
893,0.753045627
894,0.467018857
895,0.636297088
896,0.005745125
897,0.284933488
898,0.252333175
899,0.02969909
900,0.200177627
901,0.168503571
902,0.163140081
903,0.699143516
904,0.147202251
905,0.345551088
906,0.579417436
907,0.162792745
908,0.839344122
909,0.413357738
910,0.897670344
911,0.0299167
912,0.674437738
913,0.837590373
914,0.267333277
915,0.919100667
916,0.964653734
917,0.903213648
918,0.506321138
919,0.989814699
920,0.840025036
921,0.602367412
922,0.749679616
923,0.371452198
924,0.53044451
925,0.735580253
926,0.853884313
927,0.073719489
928,0.259695572
929,0.488731843
930,0.255039575
931,0.146984029
932,0.783167089
933,0.032430333
934,0.499317237
935,0.142022785
936,0.548932707
937,0.103124668
938,0.692175444
939,0.332666931
940,0.188566637
941,0.198199571
942,0.926041043
943,0.353928296
944,0.697851485
945,0.804921276
946,0.92746427
947,0.213895436
948,0.698200314
949,0.580634574
950,0.079578888
951,0.298042409
952,0.706812053
953,0.446978696
954,0.261132517
955,0.155723429
956,0.354440644
957,0.544646043
958,0.489610911
959,0.663699782
960,0.822221616
961,0.60579711
962,0.490578503
963,0.728762361
964,0.784113245
965,0.656430067
966,0.146225694
967,0.533877877
968,0.514273622
969,0.917507469
970,0.896948646
971,0.612225695
972,0.126088725
973,0.171268121
974,0.858897482
975,0.810336727
976,0.912927082
977,0.673997515
978,0.685645619
979,0.006942643
980,0.014178544
981,0.809323315
982,0.38385708
983,0.75443975
984,0.798804843
985,0.030342655
986,0.699295641
987,0.846772961
988,0.624611628
989,0.939465457
990,0.450117846
991,0.138537585
992,0.882239083
993,0.670779465
994,0.865167371
995,0.747177506
996,0.997866852
997,0.419527721
998,0.989085436
999,0.584602614
1000,0.965811929
1001,0.781164204
1002,0.186528209
1003,0.649290793
1004,0.531189651
1005,0.6556262
1006,0.005817499
1007,0.449885085
1008,0.894117065
1009,0.341176117
1010,0.698810885
1011,0.659682572
1012,0.040200198
1013,0.310630149
1014,0.225776808
1015,0.332241563
1016,0.607072523
1017,0.421948817
1018,0.18182767
1019,0.859408722
1020,0.463178436
1021,0.510668655
1022,0.638117553
1023,0.000325441
1024,0.100097617
1025,0.833974859
1026,0.849626183
1027,0.243853873
1028,0.632319215
1029,0.047529842
1030,0.536905478
1031,0.814768718
1032,0.132543337
1033,0.763730827
1034,0.831606395
1035,0.17207053
1036,0.123024994
1037,0.562825362
1038,0.717386274
1039,0.392625124
1040,0.028786134
1041,0.08118692
1042,0.431972389
1043,0.926118809
1044,0.87364213
1045,0.047451703
1046,0.06902719
1047,0.170215582
1048,0.218916077
1049,0.887956346
1050,0.538632954
1051,0.578357341
1052,0.330291595
1053,0.108674877
1054,0.289248091
1055,0.846990479
1056,0.27286639
1057,0.023262725
1058,0.800611404
1059,0.114414895
1060,0.863779218
1061,0.955143581
1062,0.958366479
1063,0.633080164
1064,0.645872022
1065,0.801611405
1066,0.246709112
1067,0.357381073
1068,0.600402313
1069,0.678987027
1070,0.791698818
1071,0.980618392
1072,0.335769373
1073,0.204061036
1074,0.417177875
1075,0.092999093
1076,0.754115185
1077,0.344313275
1078,0.622107631
1079,0.776917782
1080,0.569610636
1081,0.257063122
1082,0.937399377
1083,0.867719251
1084,0.856605017
1085,0.214386259
1086,0.880466098
1087,0.923858115
1088,0.396752822
1089,0.690197228
1090,0.417684788
1091,0.658211839
1092,0.39029375
1093,0.75644513
1094,0.85539938
1095,0.515412111
1096,0.135222482
1097,0.792098565
1098,0.333827357
1099,0.617074261
1100,0.525201578
1101,0.730084808
1102,0.203310135
1103,0.672221053
1104,0.86936523
1105,0.355206961
1106,0.178886107
1107,0.989715303
1108,0.264038015
1109,0.445962712
1110,0.012819804
1111,0.676169939
1112,0.598181881
1113,0.505076303
1114,0.090861857
1115,0.150310099
1116,0.552287572
1117,0.524717322
1118,0.679365738
1119,0.652851557
1120,0.921544937
1121,0.728824
1122,0.580155027
1123,0.788512593
1124,0.75404287
1125,0.080478778
1126,0.675079071
1127,0.055689788
1128,0.899868395
1129,0.022758454
1130,0.766957085
1131,0.844710659
1132,0.709626126
1133,0.414586766
1134,0.056255439
1135,0.15652744
1136,0.443621603
1137,0.579078149
1138,0.335271234
1139,0.609972309
1140,0.259513046
1141,0.33311425
1142,0.302225177
1143,0.691127757
1144,0.121900259
1145,0.322989483
1146,0.542304822
1147,0.839560474
1148,0.120408625
1149,0.464655442
1150,0.94183603
1151,0.644720634
1152,0.373914851
1153,0.655802493
1154,0.071053287
1155,0.6915891
1156,0.720065709
1157,0.807914608
1158,0.502693888
1159,0.340530473
1160,0.353089128
1161,0.882179259
1162,0.118085852
1163,0.77497374
1164,0.891022427
1165,0.619683567
1166,0.652024114
1167,0.373689448
1168,0.354505164
1169,0.845053358
1170,0.200995764
1171,0.29231996
1172,0.481866748
1173,0.372474239
1174,0.914927145
1175,0.524176114
1176,0.197428475
1177,0.468947586
1178,0.157231376
1179,0.15603495
1180,0.294071573
1181,0.972300662
1182,0.702392878
1183,0.461602746
1184,0.887599264
1185,0.970588363
1186,0.175517998
1187,0.032205519
1188,0.304986
1189,0.131975301
1190,0.185508067
1191,0.62685603
1192,0.683377387
1193,0.194798492
1194,0.930237961
1195,0.427260008
1196,0.495698203
1197,0.349510299
1198,0.3505771
1199,0.258376058
1200,0.33421723
1201,0.429996752
1202,0.750964188
1203,0.928347477
1204,0.864777272
1205,0.807068624
1206,0.441478038
1207,0.24893524
1208,0.831507072
1209,0.271052682
1210,0.649437298
1211,0.740315138
1212,0.048128633
1213,0.26369337
1214,0.690857899
1215,0.499832345
1216,0.268143132
1217,0.207965985
1218,0.366978181
1219,0.300107186
1220,0.230786963
1221,0.130835128
1222,0.371046124
1223,0.455437424
1224,0.736048293
1225,0.122293636
1226,0.931988867
1227,0.871744057
1228,0.791349701
1229,0.659180164
1230,0.910142563
1231,0.221070251
1232,0.847090452
1233,0.7150228
1234,0.770811081
1235,0.522152224
1236,0.460998249
1237,0.684168825
1238,0.899154207
1239,0.41102587
1240,0.54518191
1241,0.102730019
1242,0.839550444
1243,0.320750943
1244,0.014804745
1245,0.614455381
1246,0.89561972
1247,0.256441386
1248,0.015622171
1249,0.244256973
1250,0.191448994
1251,0.788681715
1252,0.102727201
1253,0.384999182
1254,0.136033561
1255,0.70845741
1256,0.890882883
1257,0.262918878
1258,0.157164516
1259,0.556092914
1260,0.766268234
1261,0.241123609
1262,0.403483967
1263,0.710854366
1264,0.244177688
1265,0.137770812
1266,0.440264479
1267,0.867743161
1268,0.311780523
1269,0.985919075
1270,0.907787823
1271,0.556903875
1272,0.849282394
1273,0.458465002
1274,0.780044855
1275,0.568040786
1276,0.493513295
1277,0.965734307
1278,0.607504129
1279,0.488717328
1280,0.361899781
1281,0.36478417
1282,0.266963871
1283,0.301060674
1284,0.244223793
1285,0.867661205
1286,0.27628532
1287,0.050393261
1288,0.250942098
1289,0.087427992
1290,0.523018442
1291,0.369226456
1292,0.203402039
1293,0.768037889
1294,0.40196379
1295,0.444258114
1296,0.584666943
1297,0.463885885
1298,0.908291348
1299,0.582845707
1300,0.100244544
1301,0.394311808
1302,0.533519666
1303,0.06477996
1304,0.638915873
1305,0.570620072
1306,0.925222552
1307,0.635387605
1308,0.163529537
1309,0.818902367
1310,0.454342879
1311,0.508002975
1312,0.834048845
1313,0.018507274
1314,0.260372332
1315,0.581104938
1316,0.248111925
1317,0.948285172
1318,0.880659157
1319,0.692874644
1320,0.989961732
1321,0.325767184
1322,0.518992074
1323,0.062088845
1324,0.404133321
1325,0.718786843
1326,0.357212703
1327,0.782874136
1328,0.382861369
1329,0.136121095
1330,0.654226121
1331,0.341257051
1332,0.240957837
1333,0.164495953
1334,0.138664243
1335,0.796169511
1336,0.818521265
1337,0.7111723
1338,0.445948586
1339,0.988533202
1340,0.23764949
1341,0.406697923
1342,0.593037526
1343,0.283764614
1344,0.414900714
1345,0.400873605
1346,0.273975938
1347,0.924661946
1348,0.182209218
1349,0.627145578
1350,0.922137755
1351,0.475573017
1352,0.225902165
1353,0.356287103
1354,0.799138294
1355,0.698457402
1356,0.57103567
1357,0.684754127
1358,0.867806751
1359,0.222316521
1360,0.218082429
1361,0.184182807
1362,0.369999469
1363,0.325137871
1364,0.592821879
1365,0.299092338
1366,0.543508837
1367,0.510336295
1368,0.001399727
1369,0.661601654
1370,0.996880231
1371,0.680324616
1372,0.147300139
1373,0.510428296
1374,0.03882884
1375,0.591502129
1376,0.176911025
1377,0.881242762
1378,0.486415796
1379,0.639289914
1380,0.337479714
1381,0.740399708
1382,0.471500467
1383,0.475723535
1384,0.471258988
1385,0.52791186
1386,0.127393281
1387,0.152827816
1388,0.059741736
1389,0.137912543
1390,0.84590378
1391,0.922662054
1392,0.699348007
1393,0.07878223
1394,0.29937248
1395,0.790574054
1396,0.750850086
1397,0.803423531
1398,0.319947023
1399,0.88190138
1400,0.60275681
1401,0.77907163
1402,0.39139754
1403,0.133266755
1404,0.070701946
1405,0.914290131
1406,0.861590983
1407,0.942702138
1408,0.134309318
1409,0.433338718
1410,0.98883866
1411,0.79116238
1412,0.50863074
1413,0.680988262
1414,0.85802424
1415,0.165287678
1416,0.172054509
1417,0.933684116
1418,0.020602187
1419,0.296321943
1420,0.809059265
1421,0.866928369
1422,0.400092456
1423,0.779630301
1424,0.747899747
1425,0.521080365
1426,0.891222256
1427,0.670433206
1428,0.87093801
1429,0.529944277
1430,0.343315394
1431,0.990349313
1432,0.503674226
1433,0.0059325
1434,0.579871563
1435,0.026223844
1436,0.933367472
1437,0.522452316
1438,0.294905511
1439,0.474128739
1440,0.242811585
1441,0.100746239
1442,0.545179496
1443,0.000674101
1444,0.310325236
1445,0.613259172
1446,0.910144041
1447,0.310944853
1448,0.555990397
1449,0.832998419
1450,0.195962967
1451,0.599917
1452,0.483302368
1453,0.116536598
1454,0.585129053
1455,0.929866942
1456,0.674675596
1457,0.808880881
1458,0.982851644
1459,0.602273052
1460,0.202599919
1461,0.844741748
1462,0.083588173
1463,0.768946529
1464,0.272940753
1465,0.847627452
1466,0.964736964
1467,0.370833244
1468,0.739397007
1469,0.151729793
1470,0.979580755
1471,0.47186963
1472,0.507934289
1473,0.415852371
1474,0.240020909
1475,0.700581925
1476,0.711789243
1477,0.998338271
1478,0.812081318
1479,0.509644263
1480,0.114328446
1481,0.934156747
1482,0.939773882
1483,0.77955958
1484,0.36794795
1485,0.595390625
1486,0.361307149
1487,0.992560031
1488,0.268370655
1489,0.350763873
1490,0.813291287
1491,0.145880026
1492,0.725131001
1493,0.245761873
1494,0.009312431
1495,0.346197279
1496,0.679699232
1497,0.200005002
1498,0.033849117
1499,0.954183979
1500,0.46798185
1501,0.30687167
1502,0.181084912
1503,0.160862912
1504,0.267068941
1505,0.313193514
1506,0.161742528
1507,0.048507255
1508,0.54398446
1509,0.430943094
1510,0.772974934
1511,0.36562122
1512,0.213022996
1513,0.798494918
1514,0.666125185
1515,0.954595615
1516,0.499429548
1517,0.147863376
1518,0.368507227
1519,0.771777507
1520,0.272928178
1521,0.21063855
1522,0.243194288
1523,0.574033169
1524,0.775739232
1525,0.186914103
1526,0.547176245
1527,0.909028802
1528,0.662344506
1529,0.929680816
1530,0.414455658
1531,0.908179022
1532,0.639710773
1533,0.526642708
1534,0.086106421
1535,0.668976295
1536,0.529927676
1537,0.967308376
1538,0.471353171
1539,0.998279906
1540,0.511242445
1541,0.628584064
1542,0.996110514
1543,0.804254384
1544,0.081272389
1545,0.973482355
1546,0.624819101
1547,0.344750195
1548,0.777342285
1549,0.791514575
1550,0.872602745
1551,0.235917689
1552,0.651573483
1553,0.404030805
1554,0.11509567
1555,0.752009064
1556,0.851592163
1557,0.438590182
1558,0.764336592
1559,0.221279313
1560,0.23139926
1561,0.750718364
1562,0.587993378
1563,0.434808501
1564,0.936667728
1565,0.072097472
1566,0.74440164
1567,0.403687121
1568,0.9005186
1569,0.06903749
1570,0.1605678
1571,0.841271257
1572,0.49721415
1573,0.616186965
1574,0.045374013
1575,0.530914747
1576,0.635730896
1577,0.965393394
1578,0.558759478
1579,0.710139818
1580,0.076748705
1581,0.173841897
1582,0.413127155
1583,0.151872158
1584,0.00192451
1585,0.828272171
1586,0.804959131
1587,0.549843108
1588,0.996856881
1589,0.082890499
1590,0.483154079
1591,0.158131056
1592,0.750253215
1593,0.750044047
1594,0.50006993
1595,0.615589828
1596,0.420628613
1597,0.618532495
1598,0.445102286
1599,0.829652935
1600,0.540259241
1601,0.759140977
1602,0.396689926
1603,0.487000036
1604,0.734025278
1605,0.040919081
1606,0.182499894
1607,0.044270399
1608,0.384675287
1609,0.241851997
1610,0.496655387
1611,0.079964305
1612,0.196680581
1613,0.278484314
1614,0.118025706
1615,0.31300956
1616,0.421443049
1617,0.905091699
1618,0.199213711
1619,0.974180672
1620,0.768810182
1621,0.701776771
1622,0.50369466
1623,0.532655769
1624,0.452096157
1625,0.732172143
1626,0.979711977
1627,0.103076516
1628,0.713483874
1629,0.617360481
1630,0.788022851
1631,0.899902492
1632,0.77860248
1633,0.164303806
1634,0.264781422
1635,0.003527304
1636,0.872286867
1637,0.855285161
1638,0.515913828
1639,0.34120481
1640,0.68982799
1641,0.135926884
1642,0.432026742
1643,0.024482396
1644,0.305191601
1645,0.752760488
1646,0.834509594
1647,0.640699931
1648,0.32454541
1649,0.277923211
1650,0.037395372
1651,0.615328478
1652,0.776396647
1653,0.78351677
1654,0.665598571
1655,0.445205356
1656,0.434836197
1657,0.809332311
1658,0.535467924
1659,0.086719783
1660,0.935939134
1661,0.353381268
1662,0.676184167
1663,0.280028641
1664,0.13862958
1665,0.203961816
1666,0.356713195
1667,0.087866763
1668,0.165064299
1669,0.083610122
1670,0.427962883
1671,0.954413869
1672,0.212222464
1673,0.950432307
1674,0.993526366
1675,0.47798394
1676,0.100228761
1677,0.042464584
1678,0.064973076
1679,0.294251826
1680,0.392154577
1681,0.971492607
1682,0.146346725
1683,0.281995347
1684,0.282774021
1685,0.474352295
1686,0.376961184
1687,0.209696839
1688,0.108991124
1689,0.149758577
1690,0.756708436
1691,0.433217594
1692,0.275737298
1693,0.571173296
1694,0.932452318
1695,0.65115948
1696,0.385296362
1697,0.869022677
1698,0.814222909
1699,0.907147175
1700,0.587093391
1701,0.930621852
1702,0.160174814
1703,0.894795312
1704,0.998912687
1705,0.579679132
1706,0.841166111
1707,0.378305527
1708,0.58071026
1709,0.862099529
1710,0.598134099
1711,0.803825958
1712,0.335071744
1713,0.457395753
1714,0.435233482
1715,0.997822143
1716,0.036184826
1717,0.296596263
1718,0.176763606
1719,0.536408482
1720,0.520940685
1721,0.124423425
1722,0.122738527
1723,0.282410682
1724,0.305148186
1725,0.558539394
1726,0.143370258
1727,0.740080006
1728,0.628260538
1729,0.265987966
1730,0.701386396
1731,0.906852567
1732,0.861865046
1733,0.979066722
1734,0.007438158
1735,0.246127876
1736,0.586957266
1737,0.56659785
1738,0.096896291
1739,0.624976049
1740,0.953079227
1741,0.355811017
1742,0.860392718
1743,0.703532069
1744,0.928972854
1745,0.74441268
1746,0.636044223
1747,0.647832389
1748,0.542420788
1749,0.89710935
1750,0.447052644
1751,0.347972903
1752,0.543323257
1753,0.560534976
1754,0.362233673
1755,0.217331417
1756,0.529541256
1757,0.943402425
1758,0.783720715
1759,0.529129356
1760,0.234004509
1761,0.580595107
1762,0.301448633
1763,0.156630638
1764,0.213425562
1765,0.069701598
1766,0.848598335
1767,0.226495615
1768,0.211514142
1769,0.00034559
1770,0.716233859
1771,0.547634012
1772,0.647347835
1773,0.284237776
1774,0.915012328
1775,0.558106135
1776,0.1590574
1777,0.624227241
1778,0.151923909
1779,0.269446148
1780,0.184449351
1781,0.235345604
1782,0.350449097
1783,0.878287885
1784,0.07023938
1785,0.717855569
1786,0.543535082
1787,0.320745474
1788,0.941543126
1789,0.832435035
1790,0.400174148
1791,0.867372347
1792,0.654157358
1793,0.228704978
1794,0.673094511
1795,0.012098408
1796,0.48952402
1797,0.467533502
1798,0.960294166
1799,0.62008663
1800,0.501451439
1801,0.371295416
1802,0.237511682
1803,0.056826603
1804,0.98292028
1805,0.730877783
1806,0.215636693
1807,0.724347936
1808,0.328730632
1809,0.193056093
1810,0.50012338
1811,0.219866508
1812,0.729095025
1813,0.120631999
1814,0.045215939
1815,0.86496326
1816,0.135911357
1817,0.911549153
1818,0.433180391
1819,0.116464723
1820,0.433431634
1821,0.148604293
1822,0.114621401
1823,0.17833488
1824,0.869791064
1825,0.526688038
1826,0.917540289
1827,0.668634842
1828,0.462226024
1829,0.532778919
1830,0.486084415
1831,0.461720868
1832,0.515293108
1833,0.378668204
1834,0.967620799
1835,0.507308191
1836,0.988299666
1837,0.072835225
1838,0.114675042
1839,0.910779378
1840,0.25872995
1841,0.360739113
1842,0.783510692
1843,0.054104871
1844,0.93054214
1845,0.27075618
1846,0.412958707
1847,0.074835492
1848,0.774414312
1849,0.287054661
1850,0.675095335
1851,0.969258535
1852,0.915991512
1853,0.104970415
1854,0.301199133
1855,0.353369499
1856,0.348420572
1857,0.059010786
1858,0.495389824
1859,0.866646605
1860,0.049274274
1861,0.660887458
1862,0.6946982
1863,0.812132298
1864,0.333567541
1865,0.795060121
1866,0.273366782
1867,0.9816439
1868,0.897636877
1869,0.519466057
1870,0.182871194
1871,0.123083515
1872,0.666451276
1873,0.400636755
1874,0.123311237
1875,0.31581105
1876,0.259204366
1877,0.19811905
1878,0.844717138
1879,0.667577082
1880,0.102832995
1881,0.007905989
1882,0.198626617
1883,0.449797961
1884,0.317651544
1885,0.34271986
1886,0.439017229
1887,0.41767273
1888,0.564726854
1889,0.223710686
1890,0.908974736
1891,0.286638079
1892,0.223394044
1893,0.738896527
1894,0.672017019
1895,0.146352191
1896,0.385686828
1897,0.475759922
1898,0.294662519
1899,0.498851939
1900,0.609093049
1901,0.72008362
1902,0.222837
1903,0.024811335
1904,0.46490837
1905,0.150886003
1906,0.428960784
1907,0.949674379
1908,0.254421584
1909,0.916175628
1910,0.007396433
1911,0.928774617
1912,0.485043313
1913,0.200335822
1914,0.6281231
1915,0.524031588
1916,0.947100917
1917,0.588613764
1918,0.6933948
1919,0.16429701
1920,0.695487155
1921,0.580964324
1922,0.960319483
1923,0.727382824
1924,0.15135315
1925,0.112970671
1926,0.044867807
1927,0.670995789
1928,0.503169691
1929,0.317947219
1930,0.943545458
1931,0.691379457
1932,0.226352929
1933,0.834008049
1934,0.185214207
1935,0.777007422
1936,0.991606863
1937,0.801257159
1938,0.418483079
1939,0.345930099
1940,0.279969761
1941,0.125187407
1942,0.473170058
1943,0.32042658
1944,0.756230819
1945,0.577083029
1946,0.713910851
1947,0.420797971
1948,0.335726554
1949,0.386048876
1950,0.923938617
1951,0.611505215
1952,0.443137806
1953,0.423724224
1954,0.521035781
1955,0.660911188
1956,0.117935839
1957,0.393356202
1958,0.756798785
1959,0.929200033
1960,0.772122205
1961,0.734435074
1962,0.658479875
1963,0.918017291
1964,0.478057027
1965,0.328109446
1966,0.659096695
1967,0.47703199
1968,0.091756606
1969,0.771402544
1970,0.78362746
1971,0.731982618
1972,0.47813472
1973,0.544292503
1974,0.029525554
1975,0.129743528
1976,0.306114072
1977,0.505248685
1978,0.964197715
1979,0.933516551
1980,0.156421745
1981,0.788365948
1982,0.694604694
1983,0.211432853
1984,0.755175932
1985,0.622572206
1986,0.403632867
1987,0.213191517
1988,0.158146186
1989,0.176496522
1990,0.21059413
1991,0.688098946
1992,0.094571309
1993,0.996590501
1994,0.68313375
1995,0.774890885
1996,0.727116508
1997,0.975757098
1998,0.521562501
1999,0.050574413
2000,0.861173692
2001,0.287330554
2002,0.6004435
2003,0.534928719
2004,0.884963468
2005,0.478678049
2006,0.956776795
2007,0.277286735
2008,0.93652176
2009,0.98048529
2010,0.716407801
2011,0.76202521
2012,0.212323114
2013,0.090255021
2014,0.224895738
2015,0.8462904
2016,0.770919186
2017,0.053735975
2018,0.56969855
2019,0.753738042
2020,0.075647852
2021,0.77239915
2022,0.979747808
2023,0.956188633
2024,0.621111507
2025,0.482326621
2026,0.094805978
2027,0.777750821
2028,0.177637021
2029,0.04889324
2030,0.26226809
2031,0.59040778
2032,0.316241854
2033,0.790457458
2034,0.649885893
2035,0.67621135
2036,0.401788434
2037,0.204798183
2038,0.017603719
2039,0.448924486
2040,0.467985037
2041,0.134941357
2042,0.89056478
2043,0.772969663
2044,0.077234363
2045,0.002069886
2046,0.185520924
2047,0.794045308
2048,0.674177847
2049,0.193635658
2050,0.364694674
2051,0.579999649
2052,0.925313476
2053,0.403315858
2054,0.644592967
2055,0.053712307
2056,0.107661371
2057,0.24211974
2058,0.528569761
2059,0.154781828
2060,0.825089959
2061,0.116396857
2062,0.523476981
2063,0.602372546
2064,0.5341732
2065,0.66980548
2066,0.953926187
2067,0.267466894
2068,0.866519224
2069,0.889510569
2070,0.529884145
2071,0.093439846
2072,0.883227998
2073,0.32646333
2074,0.173197305
2075,0.284379567
2076,0.736263478
2077,0.798103729
2078,0.490703663
2079,0.798028766
2080,0.213079919
2081,0.712853341
2082,0.434056976
2083,0.742733684
2084,0.909570471
2085,0.312336988
2086,0.298589449
2087,0.414942169
2088,0.784734942
2089,0.078808763
2090,0.989891954
2091,0.548015625
2092,0.82233709
2093,0.612077339
2094,0.20606148
2095,0.536467195
2096,0.175560288
2097,0.65676976
2098,0.164416954
2099,0.066692656
2100,0.874866962
2101,0.727811376
2102,0.310114926
2103,0.889002034
2104,0.363075324
2105,0.720328933
2106,0.482062656
2107,0.155966147
2108,0.448352926
2109,0.444306899
2110,0.156837139
2111,0.781976154
2112,0.279122973
2113,0.959159551
2114,0.442447971
2115,0.647967517
2116,0.66254015
2117,0.476858815
2118,0.73798669
2119,0.574181734
2120,0.893641097
2121,0.638668266
2122,0.03300928
2123,0.633447271
2124,0.864266248
2125,0.182924739
2126,0.049454985
2127,0.168667966
2128,0.655017306
2129,0.855388972
2130,0.628694374
2131,0.173787865
2132,0.733579412
2133,0.704262689
2134,0.98590617
2135,0.258215058
2136,0.094765026
2137,0.908914063
2138,0.882465011
2139,0.498534705
2140,0.322100458
2141,0.315171281
2142,0.048657337
2143,0.685555257
2144,0.093572463
2145,0.808752722
2146,0.718586578
2147,0.795375969
2148,0.214383216
2149,0.203394495
2150,0.374716314
2151,0.457241705
2152,0.631418654
2153,0.793593143
2154,0.903841442
2155,0.881606535
2156,0.161869032
2157,0.216309193
2158,0.59559933
2159,0.129924988
2160,0.301922275
2161,0.304097382
2162,0.554420008
2163,0.539989658
2164,0.229124562
2165,0.530777468
2166,0.789220081
2167,0.937341769
2168,0.629313752
2169,0.446191949
2170,0.509794701
2171,0.926776832
2172,0.504265915
2173,0.15711676
2174,0.133574023
2175,0.721492626
2176,0.479453932
2177,0.837227238
2178,0.30041983
2179,0.361062493
2180,0.153186207
2181,0.97647756
2182,0.291506828
2183,0.979493105
2184,0.584801882
2185,0.506667959
2186,0.908073031
2187,0.2853534
2188,0.760587097
2189,0.474163275
2190,0.602483959
2191,0.018652756
2192,0.582306082
2193,0.989004456
2194,0.045180997
2195,0.053605897
2196,0.366898373
2197,0.469090588
2198,0.441785458
2199,0.755949435
2200,0.998543277
2201,0.462631899
2202,0.004065147
2203,0.879069021
2204,0.691907597
2205,0.649007538
2206,0.269470845
2207,0.869264829
2208,0.841059976
2209,0.900817515
2210,0.352997534
2211,0.684569336
2212,0.930381702
2213,0.059845689
2214,0.234198237
2215,0.296637856
2216,0.870727506
2217,0.064132796
2218,0.427203478
2219,0.312784146
2220,0.521825767
2221,0.721940001
2222,0.805369981
2223,0.393435661
2224,0.665621357
2225,0.956482139
2226,0.647385247
2227,0.056291225
2228,0.90325419
2229,0.098295124
2230,0.465422976
2231,0.236951536
2232,0.283682901
2233,0.444302286
2234,0.196173853
2235,0.861982164
2236,0.520468654
2237,0.803568554
2238,0.38116346
2239,0.263377095
2240,0.300704432
2241,0.986512333
2242,0.492030476
2243,0.430904191
2244,0.037544617
2245,0.793156466
2246,0.622072232
2247,0.339104954
2248,0.247557571
2249,0.497684014
2250,0.64086634
2251,0.006464672
2252,0.981726838
2253,0.546099053
2254,0.186429703
2255,0.571825232
2256,0.228439294
2257,0.989742908
2258,0.953833745
2259,0.363997424
2260,0.635911465
2261,0.238020225
2262,0.470119839
2263,0.276858433
2264,0.502690739
2265,0.926777039
2266,0.866502248
2267,0.927042354
2268,0.768246795
2269,0.083960124
2270,0.139996583
2271,0.801724024
2272,0.108319245
2273,0.435855061
2274,0.994309841
2275,0.66354782
2276,0.756805922
2277,0.692633584
2278,0.970999523
2279,0.923307305
2280,0.009687519
2281,0.41529684
2282,0.252736657
2283,0.439968585
2284,0.939162715
2285,0.774472859
2286,0.870782359
2287,0.654972337
2288,0.528009769
2289,0.097097061
2290,0.92119391
2291,0.987360594
2292,0.402533598
2293,0.721111135
2294,0.120940386
2295,0.736468207
2296,0.187743748
2297,0.49626501
2298,0.53530169
2299,0.726231729
2300,0.683220009
2301,0.822288969
2302,0.515432597
2303,0.488004707
2304,0.492378677
2305,0.662809312
2306,0.856058366
2307,0.043880658
2308,0.798630188
2309,0.275790526
2310,0.677569211
2311,0.33800928
2312,0.47338439
2313,0.297632871
2314,0.132631553
2315,0.4056012
2316,0.639185605
2317,0.437625298
2318,0.26781747
2319,0.011675832
2320,0.71154177
2321,0.849963331
2322,0.625782377
2323,0.245486718
2324,0.953645585
2325,0.043066724
2326,0.765822995
2327,0.385685979
2328,0.577861182
2329,0.121098313
2330,0.825280431
2331,0.448746608
2332,0.098852511
2333,0.036211014
2334,0.043744521
2335,0.867511533
2336,0.749364313
2337,0.262727966
2338,0.351363537
2339,0.891985544
2340,0.648022766
2341,0.537699642
2342,0.519286395
2343,0.162999313
2344,0.966976421
2345,0.551784559
2346,0.138480239
2347,0.655294695
2348,0.115310171
2349,0.935742551
2350,0.98901233
2351,0.4620288
2352,0.732734275
2353,0.677161188
2354,0.745905942
2355,0.686788758
2356,0.506597076
2357,0.13259859
2358,0.159351776
2359,0.287121909
2360,0.949403909
2361,0.864983689
2362,0.889595165
2363,0.695463291
2364,0.942849403
2365,0.121963383
2366,0.140969253
2367,0.597565933
2368,0.482451546
2369,0.341704981
2370,0.954723654
2371,0.444305735
2372,0.963898577
2373,0.356222208
2374,0.884773236
2375,0.488263139
2376,0.517556756
2377,0.61234855
2378,0.421070315
2379,0.79438681
2380,0.554631058
2381,0.051172971
2382,0.726290161
2383,0.594278875
2384,0.62844155
2385,0.240630899
2386,0.656132733
2387,0.85682946
2388,0.442553862
2389,0.834843446
2390,0.196198467
2391,0.515693287
2392,0.80599578
2393,0.063166766
2394,0.80802296
2395,0.608342132
2396,0.518396919
2397,0.029087424
2398,0.12771715
2399,0.075874731
2400,0.256387527
2401,0.557508253
2402,0.989589638
2403,0.264914932
2404,0.143677299
2405,0.910663469
2406,0.220627994
2407,0.074602316
2408,0.328109751
2409,0.793095655
2410,0.772438493
2411,0.365120967
2412,0.512133519
2413,0.201578382
2414,0.092082304
2415,0.469543818
2416,0.402984942
2417,0.720829012
2418,0.490566604
2419,0.828148482
2420,0.386262202
2421,0.354168032
2422,0.249300571
2423,0.901179213
2424,0.632823369
2425,0.704663803
2426,0.440545274
2427,0.790289822
2428,0.386107423
2429,0.325023705
2430,0.959241838
2431,0.323341733
2432,0.141024322
2433,0.098290114
2434,0.522624876
2435,0.986546135
2436,0.106024174
2437,0.870921801
2438,0.331704345
2439,0.195816949
2440,0.935721031
2441,0.844840505
2442,0.437447429
2443,0.469987766
2444,0.417204913
2445,0.381486421
2446,0.803660947
2447,0.155633079
2448,0.288878424
2449,0.967469198
2450,0.846529615
2451,0.597415743
2452,0.812088714
2453,0.930447318
2454,0.119476518
2455,0.942195757
2456,0.377549285
2457,0.245758261
2458,0.116262923
2459,0.314825294
2460,0.073079169
2461,0.788785298
2462,0.159115708
2463,0.504393495
2464,0.108247077
2465,0.499082627
2466,0.067424883
2467,0.325609857
2468,0.855557841
2469,0.084756524
2470,0.327582597
2471,0.841318771
2472,0.663692918
2473,0.877676212
2474,0.954891091
2475,0.158762517
2476,0.359061998
2477,0.300639014
2478,0.417280309
2479,0.101903018
2480,0.108094147
2481,0.639538931
2482,0.690075627
2483,0.807572302
2484,0.000767357
2485,0.181201574
2486,0.281777608
2487,0.048618925
2488,0.388567447
2489,0.993564045
2490,0.876355086
2491,0.345158838
2492,0.211865577
2493,0.11693286
2494,0.166970595
2495,0.936767576
2496,0.038417246
2497,0.63065975
2498,0.074811807
2499,0.418397368
2500,0.909250784
2501,0.588323189
2502,0.271960083
2503,0.687749786
2504,0.886592642
2505,0.256833725
2506,0.915141149
2507,0.493741102
2508,0.852371553
2509,0.887247306
2510,0.966157748
2511,0.842923256
2512,0.785745536
2513,0.799570889
2514,0.790814521
2515,0.938411441
2516,0.085728776
2517,0.90379048
2518,0.790808279
2519,0.045497316
2520,0.553403946
2521,0.870876957
2522,0.329301916
2523,0.335026227
2524,0.642708966
2525,0.17314692
2526,0.396483537
2527,0.671284302
2528,0.484443435
2529,0.790323636
2530,0.727309234
2531,0.025744265
2532,0.083159687
2533,0.814873138
2534,0.472778433
2535,0.695800284
2536,0.733707857
2537,0.479552185
2538,0.307051665
2539,0.057970393
2540,0.515740141
2541,0.988648279
2542,0.232249054
2543,0.97130424
2544,0.941567806
2545,0.633687752
2546,0.995520283
2547,0.691238697
2548,0.463984555
2549,0.593578343
2550,0.207399698
2551,0.930643661
2552,0.050935622
2553,0.828464429
2554,0.063172349
2555,0.35562971
2556,0.796574431
2557,0.144472579
2558,0.845060042
2559,0.084657107
2560,0.411235502
2561,0.597690638
2562,0.042849996
2563,0.96843754
2564,0.687913494
2565,0.908759751
2566,0.392551989
2567,0.395071825
2568,0.204413139
2569,0.188253838
2570,0.451000946
2571,0.117670367
2572,0.950345895
2573,0.997876179
2574,0.247493446
2575,0.651498498
2576,0.134375783
2577,0.053892232
2578,0.010079151
2579,0.172173643
2580,0.628871956
2581,0.892587085
2582,0.243837346
2583,0.56524491
2584,0.656570198
2585,0.874949875
2586,0.394631502
2587,0.14869515
2588,0.642557203
2589,0.70130388
2590,0.503808395
2591,0.884170981
2592,0.685487801
2593,0.873077428
2594,0.217105536
2595,0.832714459
2596,0.433167369
2597,0.248413377
2598,0.620499212
2599,0.794709826
2600,0.767714655
2601,0.156225639
2602,0.240332274
2603,0.891140452
2604,0.427978246
2605,0.375155355
2606,0.42824638
2607,0.95421008
2608,0.544260042
2609,0.70709151
2610,0.066642003
2611,0.551362057
2612,0.036289559
2613,0.163331999
2614,0.504779165
2615,0.956653313
2616,0.470968158
2617,0.923150598
2618,0.12332565
2619,0.87778039
2620,0.940877751
2621,0.349947934
2622,0.918870276
2623,0.8013891
2624,0.424520426
2625,0.72679537
2626,0.64997702
2627,0.007617836
2628,0.036698427
2629,0.894453269
2630,0.979545678
2631,0.236407888
2632,0.635359271
2633,0.180731421
2634,0.184687252
2635,0.544853777
2636,0.972323998
2637,0.71252678
2638,0.948267642
2639,0.729500093
2640,0.050422798
2641,0.751876574
2642,0.353903069
2643,0.069342843
2644,0.434738423
2645,0.407442388
2646,0.243354943
2647,0.753097317
2648,0.084177674
2649,0.685529012
2650,0.396284677
2651,0.669171419
2652,0.922329939
2653,0.672220236
2654,0.556530586
2655,0.164621563
2656,0.105026653
2657,0.898951657
2658,0.572085257
2659,0.126694008
2660,0.175692873
2661,0.230246964
2662,0.941157855
2663,0.218307877
2664,0.018535365
2665,0.609392268
2666,0.898679831
2667,0.945657492
2668,0.441787151
2669,0.891012747
2670,0.02491659
2671,0.219597047
2672,0.30833555
2673,0.13047676
2674,0.265081467
2675,0.394339654
2676,0.04312217
2677,0.707774685
2678,0.357296492
2679,0.147758753
2680,0.456037191
2681,0.529391192
2682,0.778001469
2683,0.367532098
2684,0.769510995
2685,0.918200958
2686,0.849675623
2687,0.258624097
2688,0.706608633
2689,0.668499008
2690,0.648709205
2691,0.615152512
2692,0.249276052
2693,0.953242237
2694,0.28123138
2695,0.99587304
2696,0.345834612
2697,0.515657573
2698,0.091942611
2699,0.595213957
2700,0.704293738
2701,0.427630796
2702,0.372074602
2703,0.613168434
2704,0.094957347
2705,0.948010274
2706,0.786342971
2707,0.91823218
2708,0.3643104
2709,0.10202777
2710,0.685752548
2711,0.424023259
2712,0.588150005
2713,0.664922516
2714,0.94401557
2715,0.575477379
2716,0.973009863
2717,0.974114301
2718,0.602819173
2719,0.542850772
2720,0.906665003
2721,0.152764845
2722,0.699028887
2723,0.52051231
2724,0.818944132
2725,0.79678421
2726,0.298898922
2727,0.937078052
2728,0.180910988
2729,0.914956936
2730,0.256930937
2731,0.038881262
2732,0.736735517
2733,0.4252441
2734,0.164077363
2735,0.050068901
2736,0.299973299
2737,0.302008181
2738,0.380244516
2739,0.647687506
2740,0.300854407
2741,0.991912462
2742,0.754319432
2743,0.838123996
2744,0.464458538
2745,0.35538281
2746,0.029950622
2747,0.443258732
2748,0.830426461
2749,0.233770822
2750,0.541580534
2751,0.83837168
2752,0.643757197
2753,0.764752264
2754,0.051288332
2755,0.927214832
2756,0.35848496
2757,0.930316176
2758,0.142087945
2759,0.372890855
2760,0.218342772
2761,0.115116213
2762,0.945541662
2763,0.494032747
2764,0.532394791
2765,0.95575306
2766,0.067216047
2767,0.408961346
2768,0.236686686
2769,0.704895882
2770,0.9958161
2771,0.085221905
2772,0.9741194
2773,0.8591829
2774,0.604804289
2775,0.31827674
2776,0.851763926
2777,0.797645841
2778,0.881321159
2779,0.063481095
2780,0.093393084
2781,0.818594363
2782,0.070453116
2783,0.517859601
2784,0.661251798
2785,0.16392117
2786,0.848966473
2787,0.193902552
2788,0.988904041
2789,0.591412011
2790,0.085431413
2791,0.990156336
2792,0.110319477
2793,0.43078134
2794,0.697193175
2795,0.010014686
2796,0.567037887
2797,0.854474171
2798,0.459294653
2799,0.195578879
2800,0.967978041
2801,0.757546389
2802,0.8007771
2803,0.580964312
2804,0.751469005
2805,0.989383289
2806,0.32124098
2807,0.026739086
2808,0.602870913
2809,0.482381606
2810,0.309180301
2811,0.462622331
2812,0.877801198
2813,0.4374937
2814,0.86732271
2815,0.520296869
2816,0.800864544
2817,0.26405468
2818,0.476595174
2819,0.998899761
2820,0.241041585
2821,0.529787687
2822,0.03843094
2823,0.160433496
2824,0.263482836
2825,0.013857822
2826,0.046014197
2827,0.826913647
2828,0.667272185
2829,0.458823207
2830,0.991966796
2831,0.568743172
2832,0.134667227
2833,0.248570518
2834,0.214661329
2835,0.478604867
2836,0.744097157
2837,0.677961145
2838,0.654724991
2839,0.856586472
2840,0.86219071
2841,0.796371186
2842,0.03048941
2843,0.598983158
2844,0.086913724
2845,0.730428425
2846,0.566600124
2847,0.32864957
2848,0.72814217
2849,0.368865793
2850,0.876854797
2851,0.172778862
2852,0.622294549
2853,0.203936869
2854,0.435971411
2855,0.77435624
2856,0.578678541
2857,0.821838438
2858,0.424835356
2859,0.128095066
2860,0.879835827
2861,0.699942109
2862,0.933399057
2863,0.773194672
2864,0.838731989
2865,0.931154038
2866,0.574762978
2867,0.586186454
2868,0.66461027
2869,0.427660479
2870,0.87811939
2871,0.545257998
2872,0.901985922
2873,0.737206202
2874,0.583576253
2875,0.385111512
2876,0.39369424
2877,0.998816334
2878,0.996113098
2879,0.127437953
2880,0.210737457
2881,0.920028825
2882,0.923415079
2883,0.899016724
2884,0.388090375
2885,0.699947861
2886,0.464966541
2887,0.080141726
2888,0.810196007
2889,0.866966009
2890,0.37723885
2891,0.996695601
2892,0.535391547
2893,0.756704111
2894,0.44758751
2895,0.074052061
2896,0.65394589
2897,0.11288023
2898,0.48691231
2899,0.337647474
2900,0.572174742
2901,0.485716655
2902,0.457238457
2903,0.50388464
2904,0.065031778
2905,0.461587837
2906,0.604798449
2907,0.592317579
2908,0.961079177
2909,0.383824787
2910,0.243771367
2911,0.806874804
2912,0.701434607
2913,0.505494632
2914,0.765203525
2915,0.245626588
2916,0.427163632
2917,0.875414615
2918,0.343136994
2919,0.947217633
2920,0.234996924
2921,0.306284056
2922,0.992263996
2923,0.125003762
2924,0.892178996
2925,0.853380254
2926,0.142924275
2927,0.052925359
2928,0.084770222
2929,0.958290631
2930,0.818571247
2931,0.625452462
2932,0.72287886
2933,0.425738104
2934,0.794336647
2935,0.699317546
2936,0.49164004
2937,0.276941152
2938,0.729403
2939,0.730805773
2940,0.712181614
2941,0.072446575
2942,0.097683776
2943,0.355524521
2944,0.277834719
2945,0.189799472
2946,0.870636309
2947,0.774740653
2948,0.436696831
2949,0.00774026
2950,0.308837121
2951,0.82100107
2952,0.900891898
2953,0.326423807
2954,0.435819896
2955,0.61412195
2956,0.103472178
2957,0.802016639
2958,0.629592271
2959,0.612486345
2960,0.358262684
2961,0.183624442
2962,0.193623491
2963,0.019721534
2964,0.896575242
2965,0.099838608
2966,0.316878017
2967,0.45178109
2968,0.854183708
2969,0.239152924
2970,0.677754067
2971,0.725064217
2972,0.459369143
2973,0.67796737
2974,0.51582174
2975,0.058383692
2976,0.409182916
2977,0.399578268
2978,0.567597475
2979,0.998936622
2980,0.062055012
2981,0.080321849
2982,0.733258673
2983,0.955292744
2984,0.456411747
2985,0.446874265
2986,0.533852975
2987,0.439841258
2988,0.068098437
2989,0.142899725
2990,0.44190496
2991,0.508017054
2992,0.762448172
2993,0.788480358
2994,0.048914085
2995,0.92687268
2996,0.141070783
2997,0.116038538
2998,0.08253023
2999,0.611793615
3000,0.779851884
3001,0.050001098
3002,0.368403813
3003,0.136693351
3004,0.9449268
3005,0.642705902
3006,0.537969522
3007,0.938442494
3008,0.757802768
3009,0.667985109
3010,0.780531565
3011,0.641785098
3012,0.076415526
3013,0.106531817
3014,0.487237784
3015,0.470234557
3016,0.470158043
3017,0.211832093
3018,0.16635529
3019,0.892329202
3020,0.02333817
3021,0.086519378
3022,0.618302646
3023,0.532501367
3024,0.263355743
3025,0.435813707
3026,0.757279144
3027,0.221860339
3028,0.026286929
3029,0.063343711
3030,0.688415974
3031,0.139213207
3032,0.038086971
3033,0.372733716
3034,0.435762681
3035,0.764780388
3036,0.724267841
3037,0.474770225
3038,0.079452157
3039,0.688141182
3040,0.789789797
3041,0.296838247
3042,0.702911429
3043,0.247425464
3044,0.148294622
3045,0.81805146
3046,0.150237753
3047,0.697078032
3048,0.810190199
3049,0.949067562
3050,0.450353991
3051,0.478774649
3052,0.019077403
3053,0.221034738
3054,0.277612528
3055,0.04838767
3056,0.764547721
3057,0.500636137
3058,0.08890549
3059,0.535671048
3060,0.955468523
3061,0.578599287
3062,0.79223948
3063,0.81520722
3064,0.944638237
3065,0.056508558
3066,0.816639865
3067,0.829543291
3068,0.223778881
3069,0.049267442
3070,0.243826081
3071,0.213765498
3072,0.449031779
3073,0.209098958
3074,0.120036626
3075,0.56105145
3076,0.282658804
3077,0.887174296
3078,0.483013801
3079,0.81547815
3080,0.041450164
3081,0.270658088
3082,0.276239233
3083,0.987272122
3084,0.273556249
3085,0.33936599
3086,0.2328334
3087,0.683821318
3088,0.910363444
3089,0.188605192
3090,0.367754265
3091,0.433288168
3092,0.458768685
3093,0.908484843
3094,0.420559429
3095,0.514382943
3096,0.793049039
3097,0.424941721
3098,0.058694577
3099,0.659160895
3100,0.53150428
3101,0.679798027
3102,0.475626888
3103,0.782224179
3104,0.185297631
3105,0.065071594
3106,0.919925162
3107,0.83636971
3108,0.339964764
3109,0.077510033
3110,0.392628698
3111,0.767650612
3112,0.462785941
3113,0.149367
3114,0.952290781
3115,0.226964865
3116,0.580805775
3117,0.47549074
3118,0.586167727
3119,0.369158037
3120,0.771684673
3121,0.674382029
3122,0.070420273
3123,0.886113997
3124,0.514527809
3125,0.247208594
3126,0.44163311
3127,0.674281861
3128,0.655432366
3129,0.413233145
3130,0.805483731
3131,0.543278312
3132,0.060629151
3133,0.26655903
3134,0.419866321
3135,0.259514052
3136,0.479925874
3137,0.272875164
3138,0.430908458
3139,0.861993793
3140,0.891867573
3141,0.741649435
3142,0.828375586
3143,0.155292138
3144,0.657737872
3145,0.3334513
3146,0.620305441
3147,0.805620169
3148,0.458075491
3149,0.957549793
3150,0.227069152
3151,0.333381139
3152,0.373957074
3153,0.170227786
3154,0.413632903
3155,0.133128963
3156,0.444115269
3157,0.590812076
3158,0.192609959
3159,0.460063918
3160,0.72949966
3161,0.864991563
3162,0.065968832
3163,0.352812822
3164,0.531772015
3165,0.313375592
3166,0.126718786
3167,0.002984674
3168,0.179825092
3169,0.802008548
3170,0.12396908
3171,0.878665665
3172,0.38952683
3173,0.780027229
3174,0.312472848
3175,0.108044156
3176,0.796435338
3177,0.418044985
3178,0.222021436
3179,0.681522392
3180,0.838382494
3181,0.830219195
3182,0.316634452
3183,0.070122645
3184,0.738216227
3185,0.445392773
3186,0.782204108
3187,0.248069981
3188,0.910514513
3189,0.681421533
3190,0.148744597
3191,0.525256032
3192,0.611197529
3193,0.393692373
3194,0.169255275
3195,0.913332679
3196,0.62075799
3197,0.825251512
3198,0.195072368
3199,0.748791593
3200,0.1710986
3201,0.055171839
3202,0.724632138
3203,0.112062258
3204,0.666234562
3205,0.827591415
3206,0.87426966
3207,0.033961552
3208,0.646658763
3209,0.252908683
3210,0.021955164
3211,0.89219614
3212,0.506615392
3213,0.491890914
3214,0.461126427
3215,0.602249784
3216,0.158203722
3217,0.160381059
3218,0.551544937
3219,0.682190416
3220,0.629712717
3221,0.115320978
3222,0.010999715
3223,0.088634734
3224,0.009165758
3225,0.380632487
3226,0.473634698
3227,0.350602853
3228,0.329644935
3229,0.684961487
3230,0.669837892
3231,0.643200867
3232,0.754347809
3233,0.63773377
3234,0.725663162
3235,0.586278662
3236,0.005908892
3237,0.561625104
3238,0.242724389
3239,0.032420541
3240,0.972480282
3241,0.523024298
3242,0.112714588
3243,0.085335406
3244,0.173448702
3245,0.081886909
3246,0.322780145
3247,0.799687571
3248,0.027830744
3249,0.877955819
3250,0.575772343
3251,0.135972627
3252,0.294575949
3253,0.290897664
3254,0.176266817
3255,0.770674824
3256,0.069340185
3257,0.970194489
3258,0.399059519
3259,0.461148044
3260,0.873914402
3261,0.361238227
3262,0.500902038
3263,0.844447278
3264,0.558820559
3265,0.773891731
3266,0.69305962
3267,0.004533654
3268,0.291680276
3269,0.528970783
3270,0.239635013
3271,0.105049796
3272,0.84740391
3273,0.784548187
3274,0.490083898
3275,0.873861441
3276,0.772040716
3277,0.042867367
3278,0.04167334
3279,0.377552856
3280,0.218194004
3281,0.389423518
3282,0.268229219
3283,0.156578451
3284,0.297569574
3285,0.546104843
3286,0.498848681
3287,0.6268726
3288,0.770505233
3289,0.149786128
3290,0.553002975
3291,0.020096102
3292,0.206792368
3293,0.257454577
3294,0.2779042
3295,0.958273827
3296,0.293101614
3297,0.911313157
3298,0.155273809
3299,0.609066487
3300,0.841653621
3301,0.630099672
3302,0.168320441
3303,0.883694846
3304,0.939274874
3305,0.021832532
3306,0.863148943
3307,0.625601619
3308,0.431790509
3309,0.94428127
3310,0.404024636
3311,0.732478609
3312,0.106957378
3313,0.262146563
3314,0.679871626
3315,0.056939716
3316,0.631178839
3317,0.395921639
3318,0.927629482
3319,0.876374566
3320,0.601328546
3321,0.738777737
3322,0.809973223
3323,0.082074549
3324,0.196421664
3325,0.192650032
3326,0.979948606
3327,0.62604821
3328,0.287463781
3329,0.814284686
3330,0.750322141
3331,0.980637167
3332,0.004528606
3333,0.142323527
3334,0.627019923
3335,0.558916116
3336,0.127573808
3337,0.236493161
3338,0.890148473
3339,0.972970168
3340,0.010320171
3341,0.400508221
3342,0.027878489
3343,0.621599301
3344,0.656366313
3345,0.430791225
3346,0.428287504
3347,0.573775913
3348,0.632267185
3349,0.553089324
3350,0.708580564
3351,0.091998534
3352,0.891670674
3353,0.734362273
3354,0.018639637
3355,0.323175997
3356,0.948244259
3357,0.287116152
3358,0.294295709
3359,0.015475678
3360,0.587349561
3361,0.799031857
3362,0.359961956
3363,0.523585454
3364,0.130573487
3365,0.241166754
3366,0.585334137
3367,0.351489462
3368,0.615638618
3369,0.337263918
3370,0.231585805
3371,0.207836695
3372,0.068912673
3373,0.758194282
3374,0.825338443
3375,0.09162351
3376,0.387820122
3377,0.135699435
3378,0.361806858
3379,0.555537353
3380,0.759573004
3381,0.460620141
3382,0.463795177
3383,0.374866826
3384,0.532465826
3385,0.451518173
3386,0.452142062
3387,0.706301578
3388,0.220896699
3389,0.951663245
3390,0.829901949
3391,0.775462434
3392,0.985688467
3393,0.826343417
3394,0.169850751
3395,0.657528337
3396,0.224499075
3397,0.687294989
3398,0.80083513
3399,0.838178949
3400,0.507049042
3401,0.58081164
3402,0.034817256
3403,0.402715745
3404,0.460364905
3405,0.771149509
3406,0.413440569
3407,0.99416136
3408,0.531048887
3409,0.62443785
3410,0.054933708
3411,0.833947184
3412,0.653886292
3413,0.971568215
3414,0.025427073
3415,0.703156271
3416,0.672501762
3417,0.927163314
3418,0.917018296
3419,0.422138541
3420,0.9792685
3421,0.038780796
3422,0.380765585
3423,0.539469521
3424,0.02053266
3425,0.970925532
3426,0.506836793
3427,0.205060243
3428,0.030162007
3429,0.843930805
3430,0.582762052
3431,0.609905201
3432,0.921842117
3433,0.597087093
3434,0.091718898
3435,0.371223046
3436,0.321994302
3437,0.143379062
3438,0.127080103
3439,0.676328653
3440,0.463830014
3441,0.1311565
3442,0.690023477
3443,0.350474709
3444,0.141576935
3445,0.500712604
3446,0.714989355
3447,0.724189035
3448,0.262174904
3449,0.622161182
3450,0.229136087
3451,0.237585602
3452,0.134001922
3453,0.07578129
3454,0.267968408
3455,0.766850807
3456,0.845236402
3457,0.328897015
3458,0.65604235
3459,0.434040946
3460,0.043968481
3461,0.412872127
3462,0.631299027
3463,0.100026077
3464,0.331512119
3465,0.808261978
3466,0.281853831
3467,0.821508011
3468,0.407341932
3469,0.894573545
3470,0.351208143
3471,0.288965148
3472,0.696136636
3473,0.30723757
3474,0.829582346
3475,0.606493388
3476,0.698234037
3477,0.871821127
3478,0.580291132
3479,0.411328454
3480,0.048199944
3481,0.661849656
3482,0.80384234
3483,0.099635844
3484,0.103516852
3485,0.73940994
3486,0.576857585
3487,0.399927441
3488,0.676814743
3489,0.432343015
3490,0.063759469
3491,0.238565108
3492,0.385812902
3493,0.473291671
3494,0.924239635
3495,0.687607923
3496,0.970245573
3497,0.090475323
3498,0.10007082
3499,0.888831749
3500,0.921941761
3501,0.072715741
3502,0.057760851
3503,0.418533276
3504,0.802001901
3505,0.221503776
3506,0.090300993
3507,0.094125798
3508,0.836468569
3509,0.483904634
3510,0.849413968
3511,0.271814323
3512,0.182199802
3513,0.61398112
3514,0.547812414
3515,0.016477633
3516,0.255691232
3517,0.459799395
3518,0.97444837
3519,0.553151787
3520,0.996571091
3521,0.954454071
3522,0.876811954
3523,0.634167318
3524,0.712531005
3525,0.102099652
3526,0.253307847
3527,0.410840836
3528,0.889900787
3529,0.890651467
3530,0.802806992
3531,0.851410291
3532,0.196403542
3533,0.257596418
3534,0.091874746
3535,0.645580136
3536,0.31926804
3537,0.541458479
3538,0.3076022
3539,0.885777504
3540,0.597101252
3541,0.013531175
3542,0.534749571
3543,0.918252267
3544,0.305341749
3545,0.372226752
3546,0.347945046
3547,0.315775105
3548,0.380344037
3549,0.645768136
3550,0.777454447
3551,0.874479654
3552,0.19348722
3553,0.761326503
3554,0.69333042
3555,0.869349486
3556,0.754476932
3557,0.277588831
3558,0.258357139
3559,0.891592612
3560,0.975972964
3561,0.573672956
3562,0.55812394
3563,0.778091302
3564,0.037821381
3565,0.070802504
3566,0.834024525
3567,0.122543704
3568,0.483426306
3569,0.482815664
3570,0.801786633
3571,0.405456377
3572,0.063415654
3573,0.220825672
3574,0.430589294
3575,0.635367313
3576,0.117669683
3577,0.974231667
3578,0.561788363
3579,0.569847685
3580,0.277376606
3581,0.351779785
3582,0.81424678
3583,0.146062585
3584,0.32576319
3585,0.745293951
3586,0.298514833
3587,0.268638799
3588,0.364000913
3589,0.45017249
3590,0.749031199
3591,0.822765519
3592,0.498689151
3593,0.118954576
3594,0.509543373
3595,0.467247733
3596,0.176741669
3597,0.5926502
3598,0.5537631
3599,0.343041914
3600,0.5497278
3601,0.335649062
3602,0.047660183
3603,0.686353936
3604,0.259224859
3605,0.34121639
3606,0.481167083
3607,0.80694836
3608,0.338186526
3609,0.762127932
3610,0.787257963
3611,0.682640696
3612,0.230421574
3613,0.201224345
3614,0.393410875
3615,0.16076752
3616,0.126051588
3617,0.61479973
3618,0.897404852
3619,0.687154267
3620,0.477895874
3621,0.256995147
3622,0.857906286
3623,0.601020156
3624,0.118612189
3625,0.14402018
3626,0.561824025
3627,0.748658433
3628,0.228953482
3629,0.667491115
3630,0.446808589
3631,0.551327756
3632,0.274667742
3633,0.110212059
3634,0.48126852
3635,0.910754862
3636,0.722485602
3637,0.625746141
3638,0.065074609
3639,0.360926665
3640,0.412295082
3641,0.976781347
3642,0.0972367
3643,0.358027499
3644,0.584062517
3645,0.589667496
3646,0.641348277
3647,0.69395622
3648,0.935392747
3649,0.447102289
3650,0.395986763
3651,0.937301118
3652,0.069129311
3653,0.234076156
3654,0.268227778
3655,0.951158406
3656,0.266443947
3657,0.08055918
3658,0.081859115
3659,0.987479429
3660,0.918023115
3661,0.603667448
3662,0.351381762
3663,0.364220188
3664,0.129722994
3665,0.577429733
3666,0.209642982
3667,0.677197735
3668,0.713278475
3669,0.060752069
3670,0.079983655
3671,0.565855707
3672,0.120824749
3673,0.828485241
3674,0.936867843
3675,0.837788674
3676,0.819875668
3677,0.684259558
3678,0.115638528
3679,0.282995519
3680,0.169403858
3681,0.095355919
3682,0.245251916
3683,0.932122523
3684,0.467050413
3685,0.206479435
3686,0.441406673
3687,0.978451866
3688,0.774624609
3689,0.271361301
3690,0.080149661
3691,0.41693991
3692,0.82252404
3693,0.104950352
3694,0.053278044
3695,0.611267995
3696,0.490863999
3697,0.373117818
3698,0.299717318
3699,0.162730852
3700,0.523182845
3701,0.437672772
3702,0.11303463
3703,0.958273813
3704,0.677792707
3705,0.933415578
3706,0.777947358
3707,0.568975214
3708,0.242796145
3709,0.175277926
3710,0.114025248
3711,0.807041627
3712,0.094013909
3713,0.187267587
3714,0.135556868
3715,0.415456952
3716,0.774141902
3717,0.471934352
3718,0.698272798
3719,0.340568355
3720,0.919242513
3721,0.733665766
3722,0.456489618
3723,0.551962325
3724,0.396449971
3725,0.875297105
3726,0.990639361
3727,0.599903188
3728,0.577589459
3729,0.278326812
3730,0.414679749
3731,0.94272315
3732,0.092511997
3733,0.578644851
3734,0.263799619
3735,0.36774342
3736,0.383516293
3737,0.440220114
3738,0.410427135
3739,0.274198466
3740,0.172303994
3741,0.884959683
3742,0.147451991
3743,0.188741864
3744,0.077803344
3745,0.060949216
3746,0.745648647
3747,0.266260837
3748,0.945373618
3749,0.677109212
3750,0.895682547
3751,0.375484788
3752,0.066541487
3753,0.516977662
3754,0.905615835
3755,0.788701652
3756,0.015275298
3757,0.822887578
3758,0.177109139
3759,0.879297636
3760,0.34725628
3761,0.375317446
3762,0.758031407
3763,0.773188258
3764,0.338818427
3765,0.071827612
3766,0.535744417
3767,0.710908395
3768,0.925391972
3769,0.458327741
3770,0.483739882
3771,0.24257249
3772,0.87057171
3773,0.997166804
3774,0.306356846
3775,0.268989977
3776,0.55704949
3777,0.525638027
3778,0.759128791
3779,0.328004672
3780,0.731350708
3781,0.177593628
3782,0.889226436
3783,0.541734839
3784,0.416100741
3785,0.569002124
3786,0.925938673
3787,0.470168478
3788,0.140115521
3789,0.724018683
3790,0.593765439
3791,0.769700418
3792,0.16010353
3793,0.612189698
3794,0.101674189
3795,0.128131969
3796,0.348414578
3797,0.277244933
3798,0.425279056
3799,0.192853592
3800,0.18347515
3801,0.484429018
3802,0.997205915
3803,0.779459816
3804,0.881316708
3805,0.650885892
3806,0.304455303
3807,0.889151194
3808,0.098570662
3809,0.005144179
3810,0.45340922
3811,0.489812933
3812,0.159025033
3813,0.375986211
3814,0.315163755
3815,0.44617674
3816,0.896239626
3817,0.841405353
3818,0.809280562
3819,0.645462792
3820,0.909584161
3821,0.64711321
3822,0.348017311
3823,0.212294104
3824,0.152316528
3825,0.440628957
3826,0.755729053
3827,0.056259777
3828,0.31562818
3829,0.194847056
3830,0.328330622
3831,0.200898881
3832,0.389443835
3833,0.480043879
3834,0.669921886
3835,0.29696375
3836,0.147049925
3837,0.329151435
3838,0.048491114
3839,0.476591939
3840,0.790618249
3841,0.388429027
3842,0.837005291
3843,0.37593148
3844,0.762602173
3845,0.694601743
3846,0.69313636
3847,0.540370524
3848,0.096248181
3849,0.186089887
3850,0.057572389
3851,0.259821429
3852,0.396139762
3853,0.956313111
3854,0.368149584
3855,0.110108581
3856,0.61218791
3857,0.024289418
3858,0.059157192
3859,0.271265085
3860,0.197943296
3861,0.686231333
3862,0.947247682
3863,0.52338886
3864,0.623685349
3865,0.744463446
3866,0.555342068
3867,0.769681788
3868,0.227062937
3869,0.270807666
3870,0.020853537
3871,0.482766956
3872,0.862233617
3873,0.632889716
3874,0.156252171
3875,0.848972024
3876,0.694201984
3877,0.532000993
3878,0.444865623
3879,0.720925576
3880,0.33615963
3881,0.34080823
3882,0.526042416
3883,0.99758025
3884,0.895410624
3885,0.455024367
3886,0.120337719
3887,0.578375906
3888,0.839165343
3889,0.789166479
3890,0.849997483
3891,0.676937942
3892,0.970250608
3893,0.692184419
3894,0.999433712
3895,0.986487011
3896,0.775368145
3897,0.632452755
3898,0.799914598
3899,0.215153015
3900,0.061595261
3901,0.348405863
3902,0.974935081
3903,0.449109453
3904,0.950736438
3905,0.019250178
3906,0.569147793
3907,0.92575219
3908,0.781947538
3909,0.141687415
3910,0.40738356
3911,0.323600405
3912,0.578776518
3913,0.617601345
3914,0.278505659
3915,0.124026909
3916,0.449120717
3917,0.228271914
3918,0.481194922
3919,0.803739292
3920,0.132166903
3921,0.50021888
3922,0.880949281
3923,0.611974588
3924,0.995953688
3925,0.908763313
3926,0.516288603
3927,0.779625195
3928,0.533559207
3929,0.243851224
3930,0.049217397
3931,0.887370192
3932,0.968739423
3933,0.861946693
3934,0.543485941
3935,0.652769675
3936,0.793720133
3937,0.521266808
3938,0.190133096
3939,0.578461478
3940,0.731566342
3941,0.848017601
3942,0.839627394
3943,0.903039544
3944,0.314789133
3945,0.210559483
3946,0.033451716
3947,0.127810023
3948,0.136578504
3949,0.902555369
3950,0.74022415
3951,0.140482492
3952,0.328928515
3953,0.239183711
3954,0.323007854
3955,0.465220721
3956,0.748716336
3957,0.108821808
3958,0.672546549
3959,0.316390218
3960,0.401338215
3961,0.042666015
3962,0.517719261
3963,0.512739714
3964,0.345656961
3965,0.868068371
3966,0.89530083
3967,0.405128011
3968,0.095447609
3969,0.388743606
3970,0.557692924
3971,0.057134648
3972,0.144719829
3973,0.806613667
3974,0.763867105
3975,0.699592512
3976,0.810711522
3977,0.324404502
3978,0.650825647
3979,0.806163547
3980,0.618658213
3981,0.914108762
3982,0.336779146
3983,0.369078032
3984,0.648073008
3985,0.852850176
3986,0.17834344
3987,0.132523003
3988,0.396202669
3989,0.596939144
3990,0.247509983
3991,0.089139001
3992,0.095553683
3993,0.663467447
3994,0.313603595
3995,0.438420448
3996,0.48205385
3997,0.357340153
3998,0.160577201
3999,0.623548001
4000,0.249952423
4001,0.239500375
4002,0.839783233
4003,0.348616145
4004,0.194078296
4005,0.462474259
4006,0.645923355
4007,0.995062841
4008,0.099147175
4009,0.50710178
4010,0.159451596
4011,0.38883068
4012,0.031978133
4013,0.026343984
4014,0.47065053
4015,0.73876951
4016,0.088420273
4017,0.903557139
4018,0.611926572
4019,0.30381978
4020,0.997097818
4021,0.081301076
4022,0.731290058
4023,0.266298041
4024,0.748286734
4025,0.414518637
4026,0.113618387
4027,0.163126156
4028,0.674925951
4029,0.780338051
4030,0.284749016
4031,0.954483748
4032,0.54085386
4033,0.359833022
4034,0.476173252
4035,0.780236894
4036,0.251072924
4037,0.090659463
4038,0.929032211
4039,0.725809301
4040,0.479988324
4041,0.319155125
4042,0.829308266
4043,0.812197244
4044,0.020729125
4045,0.966548082
4046,0.542605558
4047,0.448890722
4048,0.81293956
4049,0.617624061
4050,0.661966416
4051,0.564745714
4052,0.275892295
4053,0.160743586
4054,0.850305124
4055,0.59118826
4056,0.950296784
4057,0.688517459
4058,0.842040476
4059,0.559142904
4060,0.271155237
4061,0.712109277
4062,0.107793857
4063,0.363920362
4064,0.475293952
4065,0.3892931
4066,0.673541852
4067,0.616125286
4068,0.190191926
4069,0.118659706
4070,0.392296818
4071,0.87451284
4072,0.12671223
4073,0.308368106
4074,0.262467115
4075,0.671703205
4076,0.521242736
4077,0.044893553
4078,0.166343525
4079,0.150061566
4080,0.40505076
4081,0.670912665
4082,0.430333012
4083,0.775568899
4084,0.837491593
4085,0.993411586
4086,0.254652636
4087,0.990575877
4088,0.62534738
4089,0.008751119
4090,0.124044865
4091,0.02026111
4092,0.768838882
4093,0.343752172
4094,0.811911188
4095,0.930620199
4096,0.705930018
4097,0.867205828
4098,0.812460249
4099,0.007204136
4100,0.450356519
4101,0.481075834
4102,0.499721079
4103,0.560078406
4104,0.078024287
4105,0.321507293
4106,0.744676763
4107,0.482762265
4108,0.316131614
4109,0.829698267
4110,0.842294078
4111,0.783670152
4112,0.527417825
4113,0.396332997
4114,0.241149864
4115,0.814196666
4116,0.452184573
4117,0.843720061
4118,0.29781317
4119,0.461512392
4120,0.538313998
4121,0.928073734
4122,0.148529174
4123,0.461977631
4124,0.510978299
4125,0.557817695
4126,0.229796481
4127,0.6322665
4128,0.588311748
4129,0.777571711
4130,0.204485118
4131,0.910016659
4132,0.009170571
4133,0.706508162
4134,0.965472948
4135,0.545315622
4136,0.496037205
4137,0.589659818
4138,0.366853459
4139,0.960007151
4140,0.899384719
4141,0.981023401
4142,0.311178912
4143,0.533064276
4144,0.901626079
4145,0.501527058
4146,0.91345974
4147,0.083708733
4148,0.157195327
4149,0.126616803
4150,0.472497499
4151,0.736537345
4152,0.703792751
4153,0.029357493
4154,0.419929191
4155,0.648863986
4156,0.17638015
4157,0.875139593
4158,0.323652321
4159,0.590148694
4160,0.387046441
4161,0.484009221
4162,0.649954832
4163,0.955727046
4164,0.640474098
4165,0.1214527
4166,0.015343481
4167,0.146407532
4168,0.198906034
4169,0.137627326
4170,0.033536294
4171,0.236740269
4172,0.78680813
4173,0.204641077
4174,0.127697404
4175,0.714068484
4176,0.925107241
4177,0.993752182
4178,0.216298798
4179,0.248118434
4180,0.182987112
4181,0.635099894
4182,0.64755338
4183,0.543274611
4184,0.509960663
4185,0.663090463
4186,0.408420607
4187,0.805283332
4188,0.683166913